chr13:28034077-28034077	FLT3	ATTCTTAC	AATCATAATTAC
chr13:28034081-28034081	FLT3	TTACCAAA	GAAATCAACAAA
chr13:28034085-28034085	FLT3	CAAACTCT	TCTCTCTTCTCT
chr13:28034094-28034094	FLT3	AATTTTCT	CATATTCTTCTT
chr13:28034098-28034098	FLT3	TTCTCTTG	CGTTTTGCCTTG
chr13:28034100-28034100	FLT3	CTCTTGGA	CATATGGAAACT
chr13:28034103-28034103	FLT3	TTGGAAAC	CTGAAAGCAAAC
chr13:28034104-28034104	FLT3	TGGAAACT	CTTGGCTTAACT
chr13:28034107-28034107	FLT3	AAACTCCC	ATTCATATTCCC
chr13:28034108-28034108	FLT3	AACTCCCA	ATATTCGGCCCA
chr13:28034112-28034112	FLT3	CCCATTTG	ACGTAGCCTTTG
chr13:28034115-28034115	FLT3	ATTTGAGA	AAATCAACGAGA
chr13:28034115-28034115	FLT3	ATTTGAGA	CTGAAATCGAGA
chr13:28034116-28034116	FLT3	TTTGAGAT	TGAAATTAAGAT
chr13:28034118-28034118	FLT3	TGAGATCA	CTCCACGTATCA
chr13:28034118-28034118	FLT3	TGAGATCA	AAATCACTATCA
chr13:28034122-28034122	FLT3	ATCATATT	AGGAGCCGTATT
chr13:28034124-28034124	FLT3	CATATTCA	AAGTCCCCTTCA
chr13:28034124-28034124	FLT3	CATATTCA	ACGTAGCTTTCA
chr13:28034125-28034125	FLT3	ATATTCAT	CGTAGGTCTCAT
chr13:28034125-28034125	FLT3	ATATTCAT	CAACGTAGTCAT
chr13:28034130-28034130	FLT3	CATATTCT	CCTACGGGTTCT
chr13:28034137-28034137	FLT3	TCTGAAAT	CGGTCAAAAAAT
chr13:28034140-28034140	FLT3	GAAATCAACGTAGAAGTAC	GAAAGAAGGGTAC
chr13:28034149-28034149	FLT3	GTAGAAGT	CCTGTACCAAGT
chr13:28034155-28034155	FLT3	GTACTCAT	GCTGGCTTTCAT
chr13:28048274-28048274	FLT3	CTCACCTGTATCCGTTATC	CTCACGGGGATC
chr20:32434560-32434560	ASXL1	GACATTAAAGCCCGTGCTCTGCAGGTCCGAGGGGCGAG	GACGAG
chr20:32434599-32434599	ASXL1	CGAGAGGTCACCACTGCCATAGAGAGGCGGCCACCCTGCCATG	CGAGAGGTCACCACTGCCATG
chr20:32434631-32434631	ASXL1	CTGCCATCGGAGGGGGGGGTGGCCCG	CTGCCG
chr20:32433498-32433498	ASXL1	GCAGGGGTT	GCATGAGTT
chr20:32434483-32434483	ASXL1	ACTTACCAG	ACTTAACCAG
chrX:40053925-40053925	BCOR	AAGAGGGGGGT	AAGAGGGGGGGT
chrX:40074873-40074873	BCOR	GCACTTTTTTG	GCACTTTTTTTG
chrX:130055935-130055935	BCORL1	GCACTTTG	GCACTTTTTG
chr19:33301718-33301718	CEBPA	TGGGCACG	TGGGCACACG
chr19:33302213-33302213	CEBPA	TCGATGTAGGCG	TCGATGTAGGTAGGCG
chr19:33301551-33301551	CEBPA	GCGCCGCA	GCGCCGCGCA
chr19:33301798-33301798	CEBPA	TGCAGGTG	TGCTAGTG
chr19:33301362-33301362	CEBPA	CTTGACC	CTTACC
chr19:33301876-33301876	CEBPA	TAAGGGA	TAAGGA
chr19:33301405-33301405	CEBPA	CAGCGTGTCCAGT	CAGCGTGTCCTGTCCAGT
chr19:33301476-33301476	CEBPA	GCACCTTCTG	GCACCTTTCTG
chr19:33301521-33301521	CEBPA	GGCTCTTGC	GGCTTTGC
chr19:33301660-33301660	CEBPA	GAGCGCGCTGCCA	GAGCGCCA
chr19:33302232-33302232	CEBPA	GATGGACGT	GATGTAGGCGCTGATGTCGT
chr19:33301502-33301502	CEBPA	CGCTGCTTGG	CGCTG\w+CTTGG
chr19:33302360-33302360	CEBPA	GCAGGTGG	GCAGGTGTGG
chr19:33301643-33301643	CEBPA	GCGGCGCCCAGCCCCT	GCGGCAGGGCGGTCTCCT
chr19:33302097-33302097	CEBPA	GTCAAAGT	GTCAGT
chr19:33301488-33301488	CEBPA	GCGTCTCCAC	GCGTC\w+TCCAC
chr19:33302088-33302088	CEBPA	GCCCGGGT	GCCGGT
chr19:33302348-33302348	CEBPA	TGCGGGGGGCTCTGCAGGTGGCTGCTCATCGGGGGCCGCGGCT	TGCGAGGGTTAGGAAGGCT
chr19:33302373-33302373	CEBPA	CATCGGGG	CATTAGGG
chr19:33301475-33301475	CEBPA	AGCACCTTCTGC	AGCACCTTCTTCTGC
chr19:33302168-33302168	CEBPA	GCTGGAA	GCTGAA
chr19:33301572-33301572	CEBPA	GCTGTTCT	GCTGGTTTCT
chr7:102197105-102197105	CUX1	TGATTAA	TGATAA
chr5:177516754-177516754	DDX41	GCACATAGGGCAC	GCACCCTATCAC
chr2:25239140-25239140	DNMT3A	TACCGGGA	TACCGGGGA
chr2:25239155-25239155	DNMT3A	CCCAGAAGT	CCCAGT
chr2:25246653-25246653	DNMT3A	AAGGCTGGAAGCCCCCC	AAGCCC
chr2:25244202-25244202	DNMT3A	AGGGCCAG	AGGGCCCAG
chr7:148817908-148817908	EZH2	CTCTTCTTCTT	CTCCTT
chr4:54723607-54723607	KIT	TACGACAGGCTCG	TACTCCTTCG
chr17:31357371-31357371	NF1	GTGTAAGT	GTGTGGGCCAAGT
chr17:31214584-31214584	NF1	TTTGTGTAAGTA	TTTGTA
chr17:31226459-31226459	NF1	GGAACCCCCCCGATT	GGAACCCCCCCCGATT
chr17:31226560-31226560	NF1	CTGTTTC	CTGTTC
chr17:31226564-31226564	NF1	TTCCGCCA	TTCCGGCAGCCA
chrX:134377696-134377696	PHF6	AAGGAATGTGGACAGTTACT	AAGTCATCGAACCCCCTCACT
chrX:134413520-134413520	PHF6	CATGAACT	CATGGTAACT
chr8:116847629-116847629	RAD21	TCTGTTCGTATTTCGACATAACTCAAGCAAA	TCTAAA
chr21:34792541-34792541	RUNX1	CATGCGGGGGT	CATGCGGGGGGT
chr21:34792544-34792544	RUNX1	GCGGGGGTCG	AGGTCGGTCG
chr21:34887024-34887024	RUNX1	CAGCGGCAACGCCTCGCTCATCTTGCCTGGGCTCAGCGCGGTGGAA	CAGCGGAA
chr21:34834537-34834537	RUNX1	TTCACTGA	TTCACTTCTGA
chr21:34880697-34880697	RUNX1	AACATCCCCT	AACATCCCCCCT
chr21:34792303-34792303	RUNX1	CGGCGGCG	CGGCGGGGGGCG
chr21:34792372-34792372	RUNX1	GTAGGAG	GTAGAG
chr21:34834435-34834435	RUNX1	AGGGTTAA	AGGGTTTAA
chr17:76736854-76736854	SRSF2	CCCGGCGGCTGTGGTGTGAGTCCGGGGGGCGGCCGT	CCCGGCGGCCGT
chrX:124057897-124057897	STAG2	GATGGAA	GATGAA
chrX:124077972-124077972	STAG2	CTATGGAGAT	CTATGGAGAGAGAT
chrX:124071229-124071229	STAG2	ATTAGTGTATACCCCTGA	ATTTTGA
chr4:105236958-105236958	TET2	AAGGTAACT	AAGGTTAACT
chr4:105235127-105235127	TET2	ACTACCACACCACCACC	ACTACCACC
chr4:105269637-105269637	TET2	AGTGCCG	AGTCCG
chr4:105275725-105275725	TET2	TCTAGATTACCACCCAAT	TCTAAAAAAAT
chr4:105235916-105235916	TET2	CACCAGG	CACAGG
chr4:105243643-105243643	TET2	AGGCTGCAG	AGGCTTGCAG
chr4:105237207-105237207	TET2	TCAGAAAAGA	TCAGAAGA
chr4:105275094-105275094	TET2	AGCCCCAGCCTCTACAGAAGCAGC	AGCCCAGC
chr4:105275879-105275879	TET2	ATGCTTTCCCA	ATGCTTCCCA
chr4:105236113-105236113	TET2	CTCATAAA	CTCAAA
chr4:105275438-105275438	TET2	GCTCCCCCATA	GCTCCCCATA
chr4:105275840-105275840	TET2	TCTCTTCATGCCCTGCATCTC	TCTCTCTC
chr4:105236219-105236219	TET2	GACTTTTC	GACTTC
chr4:105275277-105275277	TET2	CTATGGAAGCACCAGC	CTATGGAAGCACCTAGGAAGCACCAGC
chr4:105242894-105242894	TET2	GGCAAAAGT	GGCAAAGT
chr4:105272772-105272772	TET2	CTTGCCGAC	CTTGCGAC
chr4:105235468-105235468	TET2	GTCAGAAC	GTCAAC
chr4:105275792-105275792	TET2	TCTCACATAA	TCTCAACGTAA
chr4:105235683-105235683	TET2	AAACGTAATGA	AAACGTAATGTAATGA
chr4:105259626-105259626	TET2	ACTTGCGC	ACTTGGCGC
chr4:105236227-105236227	TET2	CTCACCCCCAAA	CTCACCCCCCAAA
chr11:32392669-32392669	WT1	CTGTATGT	CTGTGT
chr11:32435044-32435044	WT1	CACTGCGCCGCGCCGCT	CACTGCGCCGCGCCGCGCCGCT
chr11:32396395-32396395	WT1	GCACACGTC	GCACAACGTC
chr11:32396396-32396396	WT1	GCACACGTC	GCACAGCGTC
chr5:171410539-171410539	NPM1	AGATCTCTGG	AGATCTCTGTCTGG
chr5:171410540-171410540	NPM1	GATCTCTGGC	GATCTCTGCCTGGC
chr5:171410541-171410541	NPM1	ATCTCTGGCA	ATCTCTGTATGGCA
chr5:171410541-171410541	NPM1	ATCTCTGGCA	ATCTCTGTTTGGCA
chr5:171410541-171410541	NPM1	ATCTCTGGCA	ATCTCTGCTTGGCA
chr5:171410541-171410541	NPM1	ATCTCTGGCA	ATCTCTGCATGGCA
chr5:171410542-171410542	NPM1	TCTCTGGCAG	TCTCTGCTCGGCAG
